SEQ_LEN,Fused,Unfused
4.000000,0.065936,0.258389
8.000000,0.080810,0.275352
16.000000,0.092595,0.294058
32.000000,0.091113,0.294122
64.000000,0.092759,0.295626
128.000000,0.093452,0.291177
256.000000,0.089814,0.298695
512.000000,0.093261,0.296135
1024.000000,0.139557,0.283058
