SEQ_LEN,Fused,Unfused
4.000000,0.031007,0.169722
8.000000,0.042123,0.166288
16.000000,0.042377,0.168147
32.000000,0.048400,0.207867
64.000000,0.048530,0.201959
128.000000,0.053867,0.206863
256.000000,0.074988,0.203303
512.000000,0.111138,0.203150
1024.000000,0.194825,0.265085
2048.000000,0.307695,0.392586
4096.000000,0.681723,0.778458
8192.000000,1.329459,1.599702
