SEQ_LEN,Fused,Unfused
4.000000,0.137004,0.205809
8.000000,0.183980,0.311972
16.000000,0.196026,0.307567
32.000000,0.182657,0.302881
64.000000,0.181874,0.315824
128.000000,0.179495,0.302616
256.000000,0.218589,0.335958
512.000000,0.337954,0.377008
1024.000000,0.668850,0.754139
2048.000000,1.355598,1.527971
4096.000000,2.303374,2.641124
8192.000000,4.497839,5.164171
